{
 "version": "auto-py-to-exe-configuration_v1",
 "pyinstallerOptions": [
  {
   "optionDest": "noconfirm",
   "value": true
  },
  {
   "optionDest": "filenames",
   "value": "D:/Kun/Documents/PyCharm/IME Interpreter/src/programentry.py"
  },
  {
   "optionDest": "onefile",
   "value": false
  },
  {
   "optionDest": "console",
   "value": true
  },
  {
   "optionDest": "icon_file",
   "value": "D:/Kun/Documents/PyCharm/IME Interpreter/src/static/images/icon.ico"
  },
  {
   "optionDest": "name",
   "value": "IME Interpreter V5.0"
  },
  {
   "optionDest": "contents_directory",
   "value": "."
  },
  {
   "optionDest": "clean_build",
   "value": false
  },
  {
   "optionDest": "strip",
   "value": false
  },
  {
   "optionDest": "noupx",
   "value": false
  },
  {
   "optionDest": "disable_windowed_traceback",
   "value": false
  },
  {
   "optionDest": "uac_admin",
   "value": false
  },
  {
   "optionDest": "uac_uiaccess",
   "value": false
  },
  {
   "optionDest": "argv_emulation",
   "value": false
  },
  {
   "optionDest": "bootloader_ignore_signals",
   "value": false
  },
  {
   "optionDest": "datas",
   "value": "D:/Kun/Documents/PyCharm/IME Interpreter/src/templates;templates/"
  },
  {
   "optionDest": "datas",
   "value": "D:/Kun/Documents/PyCharm/IME Interpreter/src/static;static/"
  },
  {
   "optionDest": "datas",
   "value": "D:/Kun/Documents/PyCharm/IME Interpreter/src/applicationpoller.py;."
  },
  {
   "optionDest": "datas",
   "value": "D:/Kun/Documents/PyCharm/IME Interpreter/src/constructinterpretedlog.py;."
  },
  {
   "optionDest": "datas",
   "value": "D:/Kun/Documents/PyCharm/IME Interpreter/src/emslifecycle.py;."
  },
  {
   "optionDest": "datas",
   "value": "D:/Kun/Documents/PyCharm/IME Interpreter/src/flaskappui.py;."
  },
  {
   "optionDest": "datas",
   "value": "D:/Kun/Documents/PyCharm/IME Interpreter/src/imeinterpreter.py;."
  },
  {
   "optionDest": "datas",
   "value": "D:/Kun/Documents/PyCharm/IME Interpreter/src/logprocessinglibrary.py;."
  },
  {
   "optionDest": "datas",
   "value": "D:/Kun/Documents/PyCharm/IME Interpreter/src/programentry.py;."
  },
  {
   "optionDest": "datas",
   "value": "D:/Kun/Documents/PyCharm/IME Interpreter/src/subgraph.py;."
  },
  {
   "optionDest": "datas",
   "value": "D:/Kun/Documents/PyCharm/IME Interpreter/src/update.py;."
  },
  {
   "optionDest": "datas",
   "value": "D:/Kun/Documents/PyCharm/IME Interpreter/src/win32app.py;."
  },
  {
   "optionDest": "datas",
   "value": "D:/Kun/Documents/PyCharm/IME Interpreter/src/logging keyword table.json;."
  },
  {
   "optionDest": "datas",
   "value": "D:/Kun/Documents/PyCharm/IME Interpreter/src/config.ini;."
  },
  {
   "optionDest": "datas",
   "value": "D:/Kun/Documents/PyCharm/IME Interpreter/src/update.exe;."
  },
  {
   "optionDest": "datas",
   "value": "D:/Kun/Documents/PyCharm/IME Interpreter/src/powershell.py;."
  },
  {
   "optionDest": "datas",
   "value": "D:/Kun/Documents/PyCharm/IME Interpreter/src/scriptpoller.py;."
  },
  {
   "optionDest": "datas",
   "value": "D:/Kun/Documents/PyCharm/IME Interpreter/src/remediation.py;."
  }
 ],
 "nonPyinstallerOptions": {
  "increaseRecursionLimit": true,
  "manualArguments": ""
 }
}