{
  "LOG_STARTING_STRING" : "<![LOG",
  "LOG_ENDING_STRING" : "]LOG]!",
  "LOG_APP_POLLER_START_STRING" : "<![LOG[[Win32App] ----------------------------------------------------- application poller starts.",
  "LOG_APP_POLLER_STOP_STRING" : "<![LOG[[Win32App] ----------------------------------------------------- application poller stopped.",
  "LOG_V3_PROCESSOR_ALL_SUBGRAPH_1_INDICATOR" : "<![LOG[[Win32App][V3Processor] Processing ",
  "LOG_V3_PROCESSOR_ALL_SUBGRAPH_2_INDICATOR" : " subgraphs.]LOG]!",
  "LOG_REPORTING_STATE_1_INDICATOR" : "<![LOG[[Win32App][ReportingManager] App with id: ",
  "LOG_REPORTING_STATE_2_INDICATOR" : "and prior AppAuthority: V3 has been loaded and reporting state initialized",
  "LOG_REPORTING_STATE_3_INDICATOR" : "could not be loaded from store. Reporting state initialized with initial values. ReportingState: ",
  "LOG_SUBGRAPH_PROCESSING_START_INDICATOR" : "<![LOG[[Win32App][V3Processor] Processing subgraph with app ids: ",
  "LOG_SUBGRAPH_PROCESSING_END_INDICATOR" : "<![LOG[[Win32App][V3Processor] Done processing subgraph.",
  "LOG_SUBGRAPH_PROCESSING_NOT_APPLICABLE_INDICATOR" : "<![LOG[[Win32App][V3Processor] All apps in the subgraph are not applicable due",
  "LOG_ESP_INDICATOR" : "<![LOG[[Win32App] The EspPhase: ",
  "LOG_USER_INDICATOR" : "<![LOG[After impersonation: ",
  "LOG_CO_MA_INDICATOR" : "<![LOG[Comgt app workload status ",
  "LOG_APP_MODE_INDICATOR" : "<![LOG[[Win32App] Requesting ",
  "LOG_POLLER_APPS_1_INDICATOR" : "<![LOG[[Win32App] Got ",
  "LOG_POLLER_APPS_2_INDICATOR" : " Win32App(s) for user",
  "LOG_THROTTLED_INDICATOR" : "<![LOG[Required app check in is throttled.",
  "LOG_RE_EVAL_INDICATOR" : "<![LOG[[Win32App][ReevaluationScheduleManager] Found previous reevaluation check-in time value: ",
  "LOG_SUBGRAPH_RE_EVAL_INDICATOR" : "<![LOG[[Win32App][ReevaluationScheduleManager] Found previous subgraph reevaluation time value: ",
  "LOG_SUBGRAPH_NOT_EXPIRED_INDICATOR" : "<![LOG[[Win32App][ReevaluationScheduleManager] Subgraph reevaluation interval is not expired",
  "LOG_POLICY_JSON_INDICATOR" : "<![LOG[Get policies = ",
  "LOG_WIN32_GRS_INDICATOR" : "<![LOG[[Win32App][GRSManager] Found GRS value: ",
  "LOG_WIN32_NO_GRS_1_INDICATOR" : "<![LOG[[Win32App][GRSManager] App with id: ",
  "LOG_WIN32_NO_GRS_2_INDICATOR" : "has no recorded GRS value",
  "LOG_WIN32_REPORTING_STATE_INDICATOR" : "<![LOG[[Win32App][ReportingManager] Sending status to company portal based on report: {\"ApplicationId\":\"",
  "LOG_WIN32_DETECTION_OLD_INDICATOR" : "<![LOG[[Win32App][DetectionActionHandler] Detection for policy with id: ",
  "LOG_WIN32_DETECTION_OLD_RESULT_INDICATOR" : "<![LOG[[Win32App][DetectionActionHandler] Detection for policy with id: 21a0906e-6f47-4c41-b33e-7f65655dcb8f resulted in action status: Success and detection state: ",
  "LOG_WIN32_DETECTION_STATE_REPORT_INDICATOR" : "<![LOG[[Win32App][ReportingManager] Detection state for app with id: ",
  "LOG_WIN32_DETECTION_STATE_JSON_INDICATOR" : "<![LOG[[Win32App][ReportingManager] Detection state for app with id: 2ddad4fe-2c83-48bb-8551-7b6b4ba967b4 has been updated. Report delta: ",
  "LOG_WIN32_APPLICABILITY_OLD_INDICATOR" : "<![LOG[[Win32App][ApplicabilityActionHandler] Applicability check for policy with id: ",
  "LOG_WIN32_APPLICABILITY_OLD_RESULT_INDICATOR" : "<![LOG[[Win32App][ApplicabilityActionHandler] Applicability check for policy with id: 6e55f61a-55c8-4a71-94c2-64f71b7da820 resulted in action status: Success and applicability state: ",
  "LOG_WIN32_APPLICABILITY_STATE_REPORT_INDICATOR" : "<![LOG[[Win32App][ReportingManager] Applicability state for app with id: ",
  "LOG_WIN32_APPLICABILITY_STATE_JSON_INDICATOR" : "<![LOG[[Win32App][ReportingManager] Applicability state for app with id: 2099fef1-17df-4684-9e41-4b1d410b7647 has been updated. Report delta: ",
  "LOG_WIN32_NO_ACTION_REQUIRED_INDICATOR" : "<![LOG[[Win32App][ActionProcessor] No action required for app with id:",
  "LOG_WIN32_DOWNLOAD_STATE_REPORT_INDICATOR" : "<![LOG[[Win32App][ReportingManager] Download state for app with id: ",
  "LOG_WIN32_DOWNLOAD_STATE_JSON_INDICATOR" : "<![LOG[[Win32App][ReportingManager] Download state for app with id: 2099fef1-17df-4684-9e41-4b1d410b7647 has been updated. Report delta: ",
  "LOG_WIN32_DOWNLOADING_START_INDICATOR" : "<![LOG[[Win32App] Downloading app on session",
  "LOG_WIN32_DOWNLOAD_URL_LINE_INDICATOR" : "<![LOG[[Win32App] DownloadType = ",
  "LOG_WIN32_DOWNLOAD_URL_INDICATOR" : "<![LOG[[Win32App] DownloadType = 2, DownloadUrl = ",
  "LOG_WIN32_PROXY_INDICATOR" : "<![LOG[[SendWebRequestInternal] Sending network request...  Current proxy is ",
  "LOG_WIN32_DO_TIMEOUT_INDICATOR" : "<![LOG[Waiting ",
  "LOG_WIN32_DO_BG_TIMEOUT_INDICATOR" : "<![LOG[Waiting 1800000 ms for 1 jobs to complete",
  "LOG_WIN32_DO_FG_TIMEOUT_INDICATOR" : "<![LOG[Waiting 43200000 ms for 1 jobs to complete]",
  "LOG_WIN32_DO_FINISH_INDICATOR" : "<![LOG[Notified DO Service the job is complete.",
  "LOG_WIN32_DO_NOT_FINISH_INDICATOR" : "<![LOG[[Win32App DO] DO downloading is not finished within timeout",
  "LOG_WIN32_CDN_START_INDICATOR" : "<![LOG[[Win32App] ExternalCDN mode, content raw URL is ",
  "LOG_WIN32_CDN_STOP_INDICATOR" : "<![LOG[[Win32App] CDN mode, download completes.",
  "LOG_WIN32_DOWNLOADING_PROGRESS_INDICATOR" : "<![LOG[[StatusService] Downloading app (id = ",
  "LOG_WIN32_DOWNLOADED_START_INDICATOR" : ", bytes ",
  "LOG_WIN32_DOWNLOADED_STOP_INDICATOR" : " for user ",
  "LOG_WIN32_HASH_SUCCESS_INDICATOR" : "<![LOG[[Win32App] file hash validation pass",
  "LOG_WIN32_DECRYPT_SUCCESS_INDICATOR" : "<![LOG[[Win32App] Decryption is done successfully.]",
  "LOG_WIN32_DOWNLOAD_SIZE_INDICATOR" : "<![LOG[[Win32App] Downloaded file size ",
  "LOG_WIN32_DOWNLOAD_TIME_INDICATOR" : "<![LOG[[Win32App] Downloaded file time ",
  "LOG_WIN32_CLEANUP_INDICATOR" : "<![LOG[Cleaning up staging content",
  "LOG_WIN32_EXECUTION_STATE_REPORT_INDICATOR" : "<![LOG[[Win32App][ReportingManager] Execution state for app with id: ",
  "LOG_WIN32_EXECUTION_STATE_JSON_INDICATOR" : "<![LOG[[Win32App][ReportingManager] Execution state for app with id: 6ddfcc73-09da-4789-a4a5-b437b73906d7 has been updated. Report delta: ",
  "LOG_WIN32_EXECUTE_INDICATOR" : "<![LOG[[Win32App] ===Step=== Execute retry ",
  "LOG_WIN32_INSTALLER_CREATE_INDICATOR" : "<![LOG[[Win32App] Create installer process successfully.]LOG]",
  "LOG_WIN32_INSTALLER_ID_INDICATOR" : "<![LOG[[Win32App] process id = ",
  "LOG_WIN32_INSTALLER_TIMEOUT_INDICATOR" : "<![LOG[[Win32App] Installer process timeout milliseconds: ",
  "LOG_WIN32_INSTALL_FINISH_INDICATOR" : "<![LOG[[Win32App] Installation is done, collecting result]LOG]!",
  "LOG_WIN32_INSTALL_EXIT_CODE_INDICATOR" : "<![LOG[[Win32App] lpExitCode ",
  "LOG_WIN32_INSTALL_EXIT_CODE_DEF_INDICATOR" : "<![LOG[[Win32App] lpExitCode is defined as ",
  "LOG_WIN32_EXIT_CODE_NOMAPPING_INDICATOR" : "<![LOG[[Win32App] Admin did NOT set mapping for lpExitCode: ",
  "LOG_MSFB_DETECTION_STATE_REPORT_INDICATOR" : "<![LOG[[Win32App][ReportingManager] Detection state for app with id: ",
  "LOG_MSFB_DETECTION_STATE_JSON_INDICATOR" : "<![LOG[[Win32App][ReportingManager] Detection state for app with id: 2ddad4fe-2c83-48bb-8551-7b6b4ba967b4 has been updated. Report delta: ",
  "LOG_MSFB_FINISH_DETECTION_INDICATOR": "<![LOG[[Win32App][WinGetApp][WinGetAppDetectionExecutor] Completed detection for app with id: ",
  "LOG_MSFB_FINISH_APPLICABILITY_INDICATOR": "<![LOG[[Win32App][WinGetApp][WinGetAppApplicabilityExecutor] Completed applicability check for app with id: ",
  "LOG_MSFB_DETECTION_REBOOT_INDICATOR" : "Reboot required =",
  "LOG_MSFB_DETECTION_INSTALLED_VERSION_INDICATOR" : "Installed version =  ",
  "LOG_MFSB_DETECTION_DETECTED_INDICATOR" : "Detection state: ",
  "LOG_MFSB_DETECTION_DETECTED_VERSION_INDICATOR" : "Detected version: ",
  "LOG_MFSB_DETECTION_ERRORCODE_INDICATOR" : "Error code: ",
  "LOG_MSFB_APPLICABILITY_STATE_REPORT_INDICATOR" : "<![LOG[[Win32App][ReportingManager] Applicability state for app with id: ",
  "LOG_MSFB_APPLICABILITY_STATE_JSON_INDICATOR" : "<![LOG[[Win32App][ReportingManager] Applicability state for app with id: 2099fef1-17df-4684-9e41-4b1d410b7647 has been updated. Report delta: ",
  "LOG_MSFB_USER_EXECUTING_START_INDICATOR": "<![LOG[[ProcessMonitor] Calling CreateProcessAsUser:",
  "LOG_MSFB_SYSTEM_EXECUTING_START_INDICATOR": "<![LOG[[Win32App][WinGetApp][WinGetAppExecutionExecutor] Starting execution of app with id: ",
  "LOG_MSFB_TRANSITION_CURRENT_STATE_INDICATOR" : "<![LOG[Processing state transition - Current State",
  "LOG_MSFB_TRANSITION_DOWNLOAD_STATE_INDICATOR" : "<![LOG[Processing state transition - Current State:Install In Progress With Event: Download Started.",
  "LOG_MSFB_TRANSITION_DOWNLOAD_FINISH_STATE_INDICATOR" : "<![LOG[Processing state transition - Current State:Download In Progress With Event: Download Finished.",
  "LOG_MSFB_TRANSITION_INSTALL_STATE_INDICATOR" : "<![LOG[Processing state transition - Current State:Download Complete With Event: Continue Install.",
  "LOG_MSFB_FINISH_EXECUTING_INDICATOR": "<![LOG[[Win32App][WinGetApp][WinGetAppExecutionExecutor] Completed execution for app with id: ",
  "LOG_MSFB_EXECUTION_STATE_REPORT_INDICATOR": "<![LOG[[Win32App][ReportingManager] Execution state for app with id: ",
  "LOG_MSFB_DOWNLOAD_SIZE_INDICATOR" : "<![LOG[[Package Manager] BytesRequired - ",
  "LOG_MFSB_DOWNLOADED_SIZE_INDEX_INDICATOR" : "BytesDownloaded - ",
  "LOG_MFSB_DOWNLOADED_SIZE_INDEX_END_INDICATOR" : "DownloadProgress",
  "LOG_MSFB_USER_DOWNLOAD_PROGRESS_LINE_START_INDICATOR" : "<![LOG[[WinGetMessageProcessor] Processing Progress for app = ",
  "LOG_MSFB_USER_DOWNLOAD_SIZE_INDICATOR" : " - Operation Phase = Downloading - Downloaded bytes = ",
  "LOG_MSFB_USER_DOWNLOAD_SUCCESS_INDICATOR" : " - Operation Phase = Installing - Downloaded bytes = 100 - Total bytes = 100",
  "LOG_MSFB_USER_TOTAL_SIZE_INDICATOR" : " - Total bytes = ",
  "LOG_MSFB_INSTALL_ACTION_STATUS_INDICATOR" : "Action status: ",
  "LOG_MSFB_INSTALL_ENFORCEMENT_INDICATOR" : "Enforcement state: ",
  "LOG_MSFB_INSTALL_EXCEPTION_INDICATOR" : "Installer exception message = ",
  "LOG_MSFB_INSTALL_EXECUTION_RESULT_INDICATOR" : "Execution result:",
  "LOG_MSFB_APPLICABILITY_ERROR_CODE_INDICATOR" : "Applicability error code: ",
  "LOG_MSFB_THREAD_ID_EXCEPTION_HEADERS" : "[\"<![LOG[[Package Manager]\", \"<![LOG[Processing state transition\", \"<![LOG[[Win32App][ReportingManager] Execution\", \"<![LOG[[Package Manager] BytesRequired - \", \"<![LOG[[Win32App][ReportingManager]\", \",<![LOG[[WinGetMessageProcessor]\"]"
}